<?xml version="1.0" encoding="UTF-8"?>
<project-private xmlns="http://www.netbeans.org/ns/project-private/1">
    <editor-bookmarks xmlns="http://www.netbeans.org/ns/editor-bookmarks/2" lastBookmarkId="0"/>
    <open-files xmlns="http://www.netbeans.org/ns/projectui-open-files/2">
        <group>
            <file>file:/C:/Users/LENOVO/Documents/APU/Year%202%20Sem%201/OODJ/Assignment/Kerjaan/VaccinationSystem/src/vaccinationsystem/Vaccine.java</file>
            <file>file:/C:/Users/LENOVO/Documents/APU/Year%202%20Sem%201/OODJ/Assignment/Kerjaan/VaccinationSystem/src/vaccinationsystem/HomePageAdmin.java</file>
            <file>file:/C:/Users/LENOVO/Documents/APU/Year%202%20Sem%201/OODJ/Assignment/Kerjaan/VaccinationSystem/src/vaccinationsystem/PeoplePersonalViewOwnDetail.java</file>
            <file>file:/C:/Users/LENOVO/Documents/APU/Year%202%20Sem%201/OODJ/Assignment/Kerjaan/VaccinationSystem/src/vaccinationsystem/AdminPeopleRegister.java</file>
            <file>file:/C:/Users/LENOVO/Documents/APU/Year%202%20Sem%201/OODJ/Assignment/Kerjaan/VaccinationSystem/src/vaccinationsystem/AdminAppointmentBook.java</file>
            <file>file:/C:/Users/LENOVO/Documents/APU/Year%202%20Sem%201/OODJ/Assignment/Kerjaan/VaccinationSystem/src/vaccinationsystem/User.java</file>
            <file>file:/C:/Users/LENOVO/Documents/APU/Year%202%20Sem%201/OODJ/Assignment/Kerjaan/VaccinationSystem/src/vaccinationsystem/People.java</file>
            <file>file:/C:/Users/LENOVO/Documents/APU/Year%202%20Sem%201/OODJ/Assignment/Kerjaan/VaccinationSystem/src/vaccinationsystem/AdminVaccineDel.java</file>
            <file>file:/C:/Users/LENOVO/Documents/APU/Year%202%20Sem%201/OODJ/Assignment/Kerjaan/VaccinationSystem/src/vaccinationsystem/LoginForm.java</file>
            <file>file:/C:/Users/LENOVO/Documents/APU/Year%202%20Sem%201/OODJ/Assignment/Kerjaan/VaccinationSystem/src/vaccinationsystem/PeoplePersonal.java</file>
            <file>file:/C:/Users/LENOVO/Documents/APU/Year%202%20Sem%201/OODJ/Assignment/Kerjaan/VaccinationSystem/src/vaccinationsystem/Admin.java</file>
            <file>file:/C:/Users/LENOVO/Documents/APU/Year%202%20Sem%201/OODJ/Assignment/Kerjaan/VaccinationSystem/src/vaccinationsystem/Appointment.java</file>
            <file>file:/C:/Users/LENOVO/Documents/APU/Year%202%20Sem%201/OODJ/Assignment/Kerjaan/VaccinationSystem/src/vaccinationsystem/AdminAppointment.java</file>
        </group>
    </open-files>
</project-private>
